{"cameraMode":{"drawMode":0,"name":"Shaded","section":"Shading Mode"},"sceneLighting":true,"audioPlay":false,"sceneViewState":{"showFog":false,"showMaterialUpdate":false,"showSkybox":false,"showFlares":false,"showImageEffects":false,"showParticleSystems":false},"in2DMode":false,"pivot":{"x":0.0814530998468399,"y":1.938504934310913,"z":-0.5004602670669556},"rotation":{"x":-0.07277724146842957,"y":0.9014824032783508,"z":-0.16712649166584016,"w":-0.3925619423389435},"size":10.0,"orthographic":false}